Character,FighterKind,AssistMove,EnterFunction,SharedEnterWith,Notes,AerialAssistMove
Mario,Ft_Kind_Mario,Neutral Special (Fireball),ftMr_SpecialN_Enter,,,Same as grounded (v1 -- TagAssist_GetAssistMoveEnterAerial forwards to the grounded lookup)
Dr. Mario,Ft_Kind_DrMario,Down Special (Tornado),ftMr_SpecialLw_Enter,Mario,No fp->kind branch anywhere in ftmariospeciallw.c -- identical for both; any visual difference comes from separate per-character animation data on the same motion-state ID,Same as grounded (v1 -- TagAssist_GetAssistMoveEnterAerial forwards to the grounded lookup)
Fox,Ft_Kind_Fox,Up Smash,TagAssist_Common_AttackHi4_Enter (mod-owned; mirrors ftCo_AttackHi4.c's doEnter),Zelda; Sheik,,Same as grounded (v1 -- TagAssist_GetAssistMoveEnterAerial forwards to the grounded lookup)
Falco,Ft_Kind_Falco,Neutral Special (Blaster),ftFx_SpecialN_Enter,Fox,Branches on fp->kind inside ftFox_SpecialN_InitializeState for which blaster article to spawn,Same as grounded (v1 -- TagAssist_GetAssistMoveEnterAerial forwards to the grounded lookup)
Captain Falcon,Ft_Kind_Captain,Neutral Special (Falcon Punch),ftCa_SpecialN_Enter,,,Same as grounded (v1 -- TagAssist_GetAssistMoveEnterAerial forwards to the grounded lookup)
Ganondorf,Ft_Kind_Ganon,Down Special (Wizard's Foot),ftCa_SpecialLw_Enter,,"Branches on fp->kind internally (case Ft_Kind_Captain / case Ft_Kind_Ganon) for Falcon Kick vs Wizard's Foot; only Ganon is wired to this move, Falcon stays on Neutral Special",Same as grounded (v1 -- TagAssist_GetAssistMoveEnterAerial forwards to the grounded lookup)
Zelda,Ft_Kind_Zelda,Up Smash,TagAssist_Common_AttackHi4_Enter (mod-owned; mirrors ftCo_AttackHi4.c's doEnter),Fox; Sheik,,Same as grounded (v1 -- TagAssist_GetAssistMoveEnterAerial forwards to the grounded lookup)
Sheik,Ft_Kind_Seak,Up Smash,TagAssist_Common_AttackHi4_Enter (mod-owned; mirrors ftCo_AttackHi4.c's doEnter),Fox; Zelda,,Same as grounded (v1 -- TagAssist_GetAssistMoveEnterAerial forwards to the grounded lookup)
Donkey Kong,Ft_Kind_Donkey,"Neutral Special (Giant Punch -- thrown instantly uncharged)","TagAssist_Dk_SpecialN_Enter (mod-owned; skips the windup, releases immediately at 0 charge)",,Retail needs a 2nd B press mid-windup to release; ftDk_SpecialN_Enter alone only starts the windup and never throws it for a CPU-frozen assist,Same as grounded (v1 -- TagAssist_GetAssistMoveEnterAerial forwards to the grounded lookup)
Bowser,Ft_Kind_Koopa,Up Special (Whirling Fortress),ftKp_SpecialHi_Enter,,,Same as grounded (v1 -- TagAssist_GetAssistMoveEnterAerial forwards to the grounded lookup)
Mr. Game & Watch,Ft_Kind_GameWatch,Neutral Special (Chef),ftGw_SpecialN_Enter,,,Same as grounded (v1 -- TagAssist_GetAssistMoveEnterAerial forwards to the grounded lookup)
Ice Climbers,Ft_Kind_Popo,Down Special (Blizzard),ftPp_SpecialLw_Enter,,Popo is the assist-controlled slot; Nana follows automatically and has no separate entry,Same as grounded (v1 -- TagAssist_GetAssistMoveEnterAerial forwards to the grounded lookup)
Luigi,Ft_Kind_Luigi,Down Special (Luigi Cyclone),ftLg_SpecialLw_Enter,,,Same as grounded (v1 -- TagAssist_GetAssistMoveEnterAerial forwards to the grounded lookup)
Marth,Ft_Kind_Mars,Neutral Special (Shield Breaker),ftMs_SpecialN_Enter,Roy,No fp->kind branch anywhere in ftmarsspecialn.c -- identical for both,Same as grounded (v1 -- TagAssist_GetAssistMoveEnterAerial forwards to the grounded lookup)
Roy,Ft_Kind_Emblem,Neutral Special (Shield Breaker),ftMs_SpecialN_Enter,Marth,No fp->kind branch anywhere in ftmarsspecialn.c -- identical for both,Same as grounded (v1 -- TagAssist_GetAssistMoveEnterAerial forwards to the grounded lookup)
Yoshi,Ft_Kind_Yoshi,Up Special (Egg Throw),ftYs_SpecialHi_Enter,,,Same as grounded (v1 -- TagAssist_GetAssistMoveEnterAerial forwards to the grounded lookup)
Mewtwo,Ft_Kind_Mewtwo,Side Special (Confusion),ftMt_SpecialS_Enter,,,Same as grounded (v1 -- TagAssist_GetAssistMoveEnterAerial forwards to the grounded lookup)
Peach,Ft_Kind_Peach,Down Smash,TagAssist_Common_AttackLw4_Enter (mod-owned; mirrors ftCo_AttackLw4.c's doEnter),,,Same as grounded (v1 -- TagAssist_GetAssistMoveEnterAerial forwards to the grounded lookup)
Samus,Ft_Kind_Samus,Side Special (Missile),ftSs_SpecialS_Enter,,,Same as grounded (v1 -- TagAssist_GetAssistMoveEnterAerial forwards to the grounded lookup)
Pikachu,Ft_Kind_Pikachu,Down Special (Thunder),ftPk_SpecialLw_Enter,,,Same as grounded (v1 -- TagAssist_GetAssistMoveEnterAerial forwards to the grounded lookup)
Pichu,Ft_Kind_Pichu,Neutral Special (Thunder Jolt),ftPk_SpecialN_Enter,,No longer shares an Enter function with Pikachu now that Pikachu is on Down Special,Same as grounded (v1 -- TagAssist_GetAssistMoveEnterAerial forwards to the grounded lookup)
Jigglypuff,Ft_Kind_Purin,Side Special (Pound),ftPr_SpecialS_Enter,,,Same as grounded (v1 -- TagAssist_GetAssistMoveEnterAerial forwards to the grounded lookup)
Kirby,Ft_Kind_Kirby,Side Special (Hammer Flip),ftKb_SpecialS_Enter,,,Same as grounded (v1 -- TagAssist_GetAssistMoveEnterAerial forwards to the grounded lookup)
Link,Ft_Kind_Link,Up Special (Spin Attack),ftLk_SpecialHi_Enter,,,Same as grounded (v1 -- TagAssist_GetAssistMoveEnterAerial forwards to the grounded lookup)
Young Link,Ft_Kind_CLink,Side Special (Boomerang),ftLk_SpecialS_Enter,,No fp->kind branch anywhere in ftlinkspecials.c -- identical for both; no longer shares a move with Link now that Link is on Up Special,Same as grounded (v1 -- TagAssist_GetAssistMoveEnterAerial forwards to the grounded lookup)
Ness,Ft_Kind_Ness,Side Special (PK Fire),ftNs_SpecialS_Enter,,Corrected from an earlier (wrong) "Neutral Special (PK Fire)" label -- this codebase's own naming has SpecialN = PK Flash and SpecialS = PK Fire for Ness,Same as grounded (v1 -- TagAssist_GetAssistMoveEnterAerial forwards to the grounded lookup)
